<?xml version="1.0" encoding="UTF-8" standalone="yes"?>
<addon
	id="script.module.vpnstatus"
   	name="VPN Status"
   	version="0.0.1"
   	provider-name="Hodell">
  <requires>
    	<import addon="xbmc.python" version="2.1.4"/>
  </requires>
  <extension point="xbmc.python.script" library="addon.py">
    	<provides>executable</provides>
  </extension>
  <extension point="xbmc.addon.metadata">
  	<summary lang="en">Checks the status of the VPN</summary>
   	<description lang="en">Turn it on if it's off </description>
       	<disclaimer lang="en">Lick my nuts.</disclaimer>
    	<language></language>
   	<platform>all</platform>
    	<license>GNU GENERAL PUBLIC LICENSE. Version 2, June 1991</license>
    	<forum></forum>
    	<website></website>
    	<email></email>
    	<source></source>
    	<news>Inital attempt</news>
    	<assets>
		<icon>resources/icon.png</icon>
        	<fanart></fanart>
        	<screenshot></screenshot>
    	</assets>
  </extension>
</addon>
