<?xml version="1.0" encoding="UTF-8" standalone="yes"?>
<addon
   id="script.module.vpnstatus"
   name="VPN Status"
   version="0.0.1"
   provider-name="Hodell">
  <requires>
    <import addon="xbmc.python"                 version="2.1.0"/>
    <import addon="xbmc.json"                   version="6.0.0"/>
    <import addon="xbmc.addon"                  version="12.0.0"/>
    <import addon="script.module.elementtree"   version="1.2.7"/>
    <import addon="script.module.simplejson"    version="2.0.10" optional="true"/>
    <import addon="script.common.plugin.cache"  version="1.3.0"/>
  </requires>
  <extension point="xbmc.python.script" library="vpnstatus.py">
    <provides>executable</provides>
  </extension>
  <extension point="xbmc.addon.metadata">
	  <summary lang="en">Checks the status of the VPN</summary>
	  <description lang="en">Turn it on if it's off </description>
       	  <disclaimer lang="en">Lick my nuts.</disclaimer>
    <language></language>
    <platform>all</platform>
    <license>GNU GENERAL PUBLIC LICENSE. Version 2, June 1991</license>
    <forum></forum>
    <website></website>
    <email></email>
    <source></source>
    <news></news>
    <assets>
        <icon></icon>
        <fanart></fanart>
        <screenshot></screenshot>
    </assets>
  </extension>
</addon>
